dataset,nodes,algorithm,seed,traffic,cost,distance,travel_time,congestion,runtime,iterations,feasible
small,20,QPSO,1,normal,587.1450156119089,279.01917242185976,293.32910594612,14.79673724392907,0.11723667799924442,100,True
small,20,QPSO,2,normal,587.1208289753051,279.0076786083224,293.31702265442516,14.79612771255756,0.12770952500068233,100,True
small,20,QPSO,3,normal,587.1267005202876,279.0104688451094,293.3199559928585,14.796275682319736,0.1223578160006582,100,True
small,20,QPSO,4,normal,587.1694208648073,279.0307701247873,293.3412984553345,14.797352284685452,0.12710884300031466,100,True
small,20,QPSO,5,normal,587.155571377494,279.02418866299195,293.3343794530039,14.797003261498185,0.12487264299852541,100,True
small,20,PSO,1,normal,686.5175137704548,326.24231399753,342.9741600050402,17.301039767884628,0.12674529400101164,100,True
small,20,PSO,2,normal,686.2091409227946,326.09577109166565,342.8201014176434,17.293268413485517,0.11831437200089567,100,True
small,20,PSO,3,normal,686.2891787675225,326.13380614706864,342.860087160197,17.29528546025679,0.12051960600001621,100,True
small,20,PSO,4,normal,686.7952558630493,326.3743007584866,343.1129159129302,17.308039191632467,0.12436513700049545,100,True
small,20,PSO,5,normal,686.6445098180649,326.30266421964353,343.0376053824404,17.30424021598099,0.12953626299895404,100,True
small,20,GA,1,normal,744.9811111729995,354.0249982242918,372.18172253302987,18.774390415677747,0.12705479599935643,100,True
small,20,GA,2,normal,743.6727180088507,353.4032322752396,371.52806834733303,18.74141738627804,0.1287969749992044,100,True
small,20,GA,3,normal,744.0265510841582,353.5713784899271,371.7048382029469,18.750334391284174,0.12889934700069716,100,True
small,20,GA,4,normal,746.0772379974148,354.54589236677043,372.7293315441942,18.802014086450107,0.1258144639996317,100,True
small,20,GA,5,normal,745.4995389497296,354.2713620447749,372.4407215063711,18.787455398583607,0.12566019800033246,100,True
small,20,ACO,1,normal,636.6250509288637,302.5327476689442,318.04861158065006,16.043691679269525,0.12124326800039853,100,True
small,20,ACO,2,normal,636.479608277928,302.4636313739576,317.97595054865457,16.04002635531593,0.12083981599971594,100,True
small,20,ACO,3,normal,636.5165526605825,302.48118783922564,317.99440742463173,16.040957396725194,0.1287014849986008,100,True
small,20,ACO,4,normal,636.761009538397,302.597357020479,318.11653452356825,16.047117994349826,0.12583590199938044,100,True
small,20,ACO,5,normal,636.6861177366974,302.5617674336209,318.07911966922876,16.04523063384772,0.12381775100038794,100,True
medium,100,QPSO,1,normal,1326.698472859335,638.8739327076094,661.6325428417742,26.191997309951446,0.12746118099857995,100,True
medium,100,QPSO,2,normal,1326.6438213286358,638.8476151689518,661.6052877932711,26.190918366412774,0.12969633899956534,100,True
medium,100,QPSO,3,normal,1326.657088527631,638.8540040114594,661.6119042255556,26.19118029061598,0.1224555999997392,100,True
medium,100,QPSO,4,normal,1326.7536183700508,638.9004881231939,661.6600442410956,26.193086005761288,0.12607829500120715,100,True
medium,100,QPSO,5,normal,1326.722324408286,638.8854184620526,661.6444377533204,26.192468192912983,0.12534125999991375,100,True
medium,100,PSO,1,normal,1551.2381317948066,747.0013918760498,773.6118271701223,30.624912748634433,0.12410605500008387,100,True
medium,100,PSO,2,normal,1550.5413400735388,746.6658506235714,773.2643329294907,30.611156520476797,0.12736961799964774,100,True
medium,100,PSO,3,normal,1550.722191623919,746.7529399988825,773.3545246901678,30.61472693486858,0.1268931180002255,100,True
medium,100,PSO,4,normal,1551.8657110133913,747.3036037287541,773.9248047175615,30.63730256707564,0.12756195200017828,100,True
medium,100,PSO,5,normal,1551.5250889483946,747.1395765871818,773.7549344360905,30.630577925122235,0.12241411499962851,100,True
medium,100,GA,1,normal,1683.34104219929,810.6157757159124,839.4923466067227,33.23291987665488,0.11723743000038667,100,True
medium,100,GA,2,normal,1680.3846291043644,809.1921099023891,838.0179655369453,33.17455366502994,0.12605551299930084,100,True
medium,100,GA,3,normal,1681.1841416407487,809.577116540158,838.4166872685997,33.19033783199074,0.12746101100128726,100,True
medium,100,GA,4,normal,1685.8178234804807,811.808474004138,840.7275323935919,33.2818170827506,0.12496083099904354,100,True
medium,100,GA,5,normal,1684.512468885011,811.1798782523178,840.0765441713403,33.25604646135282,0.12635896499887167,100,True
medium,100,ACO,1,normal,1438.502346768775,692.713280590874,717.3898101542443,28.39925602365669,0.12155747799988603,100,True
medium,100,ACO,2,normal,1438.173708122863,692.555024085384,717.2259160762612,28.39276796121766,0.1245897379994858,100,True
medium,100,ACO,3,normal,1438.257186743553,692.5952233588348,717.2675473686837,28.394416016034395,0.11896026399881521,100,True
medium,100,ACO,4,normal,1438.8095555074062,692.8612174876343,717.543017008011,28.405321011760943,0.1201422520007327,100,True
medium,100,ACO,5,normal,1438.6403318296052,692.7797275343738,717.4586241376315,28.401980157599713,0.1265261129992723,100,True
large,500,QPSO,1,normal,2599.1517025928756,1235.232520398306,1296.3633985431031,67.55578365146657,0.15346114200110605,100,True
large,500,QPSO,2,normal,2599.0446340901435,1235.1816366825333,1296.3099966243387,67.55300078327183,0.1493992440009606,100,True
large,500,QPSO,3,normal,2599.0706260269426,1235.193989207232,1296.322960467692,67.55367635201887,0.15663502500137838,100,True
large,500,QPSO,4,normal,2599.259738858086,1235.2838640378625,1296.4172831469893,67.55859167323452,0.15498847699927865,100,True
large,500,QPSO,5,normal,2599.1984304630996,1235.2547275610707,1296.386704724343,67.55699817768611,0.1552373800004716,100,True
large,500,PSO,1,normal,3039.050178969303,1444.2918466206902,1515.768938927832,78.98939342078083,0.1564648509993276,100,True
large,500,PSO,2,normal,3037.6850855243833,1443.6430934852478,1515.0880794090056,78.95391263013018,0.15713090899953386,100,True
large,500,PSO,3,normal,3038.039394076556,1443.8114766717554,1515.2647957731829,78.96312163161807,0.15357340199989267,100,True
large,500,PSO,4,normal,3040.279677327722,1444.876158938659,1516.3821684937836,79.02134989527916,0.15497932099970058,100,True
large,500,PSO,5,normal,3039.612360346291,1444.5590202214173,1516.0493347815036,79.00400534337035,0.1572985080001672,100,True
large,500,GA,1,normal,3297.8546560373125,1567.2872478433933,1644.8513049610885,85.71610323283062,0.14927188699948601,100,True
large,500,GA,2,normal,3292.062709874382,1564.534657354077,1641.962490505024,85.56556201528124,0.14941952099979972,100,True
large,500,GA,3,normal,3293.6290449630987,1565.2790494715105,1642.7437221187236,85.60627337286513,0.15571303000069747,100,True
large,500,GA,4,normal,3302.7069494676985,1569.593273550838,1647.2714544259577,85.84222149090289,0.15578354600074817,100,True
large,500,GA,5,normal,3300.14961282436,1568.37791340687,1645.9959468752172,85.77575254227284,0.1508531990002666,100,True
large,500,ACO,1,normal,2818.1880813729776,1339.3283521073809,1405.6108672909575,73.2488619746394,0.15666086999954132,100,True
large,500,ACO,2,normal,2817.54424125894,1339.0223706419656,1405.289742995858,73.2321276211168,0.15647055100089347,100,True
large,500,ACO,3,normal,2817.707785277068,1339.100094035143,1405.3713128707293,73.2363783711962,0.15038198799993552,100,True
large,500,ACO,4,normal,2818.789937885517,1339.6143810975934,1405.9110516754442,73.26450511247924,0.1527504739988217,100,True
large,500,ACO,5,normal,2818.4584096450944,1339.4568241286827,1405.7456973115422,73.25588820486975,0.15293306999956258,100,True
medium,100,QPSO,1,normal,1326.698472859335,638.8739327076094,661.6325428417742,26.191997309951446,0.12698334900051123,100,True
medium,100,QPSO,2,normal,1326.6438213286358,638.8476151689518,661.6052877932711,26.190918366412774,0.12656171699927654,100,True
medium,100,PSO,1,normal,1551.2381317948066,747.0013918760498,773.6118271701223,30.624912748634433,0.12852042099984828,100,True
medium,100,PSO,2,normal,1550.5413400735388,746.6658506235714,773.2643329294907,30.611156520476797,0.125729801999114,100,True
medium,100,GA,1,normal,1683.34104219929,810.6157757159124,839.4923466067227,33.23291987665488,0.12504345799970906,100,True
medium,100,GA,2,normal,1680.3846291043644,809.1921099023891,838.0179655369453,33.17455366502994,0.1269922650008084,100,True
medium,100,ACO,1,normal,1438.502346768775,692.713280590874,717.3898101542443,28.39925602365669,0.1182581310004025,100,True
medium,100,ACO,2,normal,1438.173708122863,692.555024085384,717.2259160762612,28.39276796121766,0.11552137800026685,100,True
medium,100,QPSO,1,moderate,1685.6426803118698,638.8739327076092,841.1046465680415,205.66410103621885,0.12464191199978814,100,True
medium,100,QPSO,2,moderate,1685.5732425650301,638.8476151689518,841.0699984114683,205.65562898461,0.12251338299938652,100,True
medium,100,PSO,1,moderate,1970.93254855794,747.00139187605,983.4590355516891,240.47212113020095,0.1258269760000985,100,True
medium,100,PSO,2,moderate,1970.0472367190516,746.6658506235714,983.017281252247,240.36410484323315,0.12789435400009097,100,True
medium,100,GA,1,moderate,2138.776492397936,810.6157757159122,1067.2100717060457,260.95064497597815,0.12456793999990623,100,True
medium,100,GA,2,moderate,2135.0202085132496,809.1921099023888,1065.335755241388,260.4923433694728,0.12889786400046432,100,True
medium,100,ACO,1,moderate,1827.6955925156367,692.7132805908739,911.9864330276752,222.99587889708755,0.12707639499967627,100,True
medium,100,ACO,2,moderate,1827.2780392137502,692.5550240853837,911.7780816217048,222.94493350666158,0.12684607399933157,100,True
medium,100,QPSO,1,heavy,2433.5949699702833,638.8739327076094,1215.0807913972485,579.6402458654258,0.12475008399997023,100,True
medium,100,QPSO,2,heavy,2433.494721350923,638.8476151689517,1215.030737804415,579.6163683775567,0.1268994889996975,100,True
medium,100,PSO,1,heavy,2845.473475691714,747.0013918760499,1420.729499118576,677.7425846970883,0.12720356099998753,100,True
medium,100,PSO,2,heavy,2844.195333851135,746.6658506235714,1420.0913298182886,677.4381534092748,0.12757176900049672,100,True
medium,100,GA,1,heavy,3087.7930267091447,810.6157757159123,1541.7183388616502,735.4589121315826,0.12264259400035371,100,True
medium,100,GA,2,heavy,3082.3700069468177,809.192109902389,1539.010654458172,734.1672425862569,0.12848706200020388,100,True
medium,100,ACO,1,heavy,2638.6795093251826,692.713280590874,1317.4783914324482,628.4878373018606,0.12313411099967198,100,True
medium,100,ACO,2,heavy,2638.0766795398235,692.5550240853839,1317.1774017847415,628.3442536696982,0.1274205189984059,100,True
medium,100,QPSO,1,blockage,1685.6426803118698,638.8739327076092,841.1046465680415,205.66410103621885,0.12048910200064711,100,True
medium,100,QPSO,2,blockage,1685.5732425650301,638.8476151689518,841.0699984114683,205.65562898461,0.12513596300050267,100,True
medium,100,PSO,1,blockage,1970.93254855794,747.00139187605,983.4590355516891,240.47212113020095,0.12897748700015654,100,True
medium,100,PSO,2,blockage,1970.0472367190516,746.6658506235714,983.017281252247,240.36410484323315,0.12389428700043936,100,True
medium,100,GA,1,blockage,2138.776492397936,810.6157757159122,1067.2100717060457,260.95064497597815,0.12649399600013567,100,True
medium,100,GA,2,blockage,2135.0202085132496,809.1921099023888,1065.335755241388,260.4923433694728,0.12800853900080256,100,True
medium,100,ACO,1,blockage,1827.6955925156367,692.7132805908739,911.9864330276752,222.99587889708755,0.12317875999906391,100,True
medium,100,ACO,2,blockage,1827.2780392137502,692.5550240853837,911.7780816217048,222.94493350666158,0.12497716899997613,100,True
